Customer-id,name,Age,City,Amount,Rating
1,yogesh,41.0,goa,441,4.8
2,ravi,53.95490417136415,goa,167,4.3
3,atul,33.0,goa,279,2.7
4,abhi,53.95490417136415,goa,818,3.6
5,atul,51.0,delhi,378,1.2
6,surya,67.0,mumbai,882,3.7
7,himanshu,73.0,delhi,113,2.1
8,gopal,45.0,goa,693,1.7
9,abhi,21.0,delhi,461,3.1
10,ravi,23.0,mumbai,847,2.0
11,chetan,25.0,mumbai,559,4.1
12,chetan,38.0,delhi,235,2.6
13,lokendra,63.0,jaipur,522,1.3
14,chetan,44.0,mumbai,952,2.2
15,abhi,26.0,mumbai,842,3.7
16,atul,87.0,jodhpur,656,3.3
17,yogesh,53.95490417136415,mumbai,391,4.3
18,abhi,69.0,delhi,657,3.2
19,himanshu,44.0,goa,956,2.7
20,atul,78.0,mumbai,230,1.9
21,chetan,23.0,mumbai,777,2.4
22,ravi,89.0,mumbai,785,3.6
23,lokendra,68.0,goa,894,2.6
24,sunny,53.95490417136415,mumbai,766,2.1
25,abhi,20.0,goa,365,4.7
26,atul,82.0,mumbai,725,1.2
27,mohan,86.0,jaipur,975,1.8
28,chetan,63.0,delhi,566,1.2
29,nikhil,53.95490417136415,jodhpur,218,3.2
30,yogesh,36.0,jaipur,735,2.2
31,abhishek,43.0,delhi,429,4.8
32,sunil,35.0,goa,536,2.7
33,sunny,36.0,mumbai,885,3.7
34,yogesh,61.0,jaipur,950,4.0
35,atul,57.0,jodhpur,279,1.1
36,abhi,84.0,mumbai,413,4.6
37,sunny,53.95490417136415,delhi,455,2.5
38,abhi,74.0,goa,988,4.5
39,deepu,38.0,jodhpur,442,2.0
40,atul,75.0,goa,197,3.2
41,sunil,60.0,mumbai,342,1.6
42,mohan,68.0,jaipur,148,3.2
43,deepu,36.0,mumbai,463,4.3
44,ravi,42.0,jodhpur,210,4.5
45,chetan,46.0,mumbai,518,1.7
46,surya,68.0,mumbai,555,4.3
47,chetan,51.0,jodhpur,429,1.4
48,sunny,59.0,jaipur,250,3.8
49,abhishek,42.0,jaipur,607,1.5
50,atul,53.95490417136415,goa,965,1.6
51,abhishek,39.0,mumbai,786,4.0
52,yogesh,27.0,goa,196,2.9
53,himanshu,44.0,jodhpur,457,2.9
54,himanshu,53.95490417136415,goa,979,4.9
55,sunny,82.0,jodhpur,699,3.6
56,gopal,21.0,jaipur,973,3.3
57,deepu,82.0,jaipur,373,3.1
58,ravi,88.0,delhi,397,3.1
59,ravi,41.0,goa,387,4.7
60,gopal,74.0,mumbai,687,2.4
61,abhishek,54.0,jodhpur,595,1.6
62,yogesh,77.0,mumbai,214,3.4
63,yogesh,47.0,jaipur,678,2.8
64,nikhil,61.0,delhi,433,3.0
65,sunny,42.0,delhi,952,3.8
66,yogesh,23.0,jaipur,772,4.2
67,nikhil,70.0,jaipur,624,2.8
68,sunny,62.0,delhi,547,3.0
69,himanshu,80.0,jaipur,450,4.0
70,atul,50.0,goa,875,4.6
71,atul,48.0,delhi,682,3.2
72,lokendra,53.95490417136415,delhi,943,2.8
73,himanshu,52.0,goa,464,3.9
74,abhi,42.0,jodhpur,824,3.0
75,sunil,66.0,delhi,557,1.3
76,himanshu,53.0,delhi,806,4.1
77,sunny,82.0,delhi,902,4.5
78,mohan,84.0,delhi,557,3.5
79,chetan,49.0,goa,444,3.7
80,lokendra,53.95490417136415,jaipur,611,2.8
81,mohan,47.0,jodhpur,594,3.0
82,chetan,22.0,mumbai,628,4.3
83,sunny,80.0,jaipur,179,4.1
84,nikhil,27.0,jaipur,603,2.1
85,sunny,53.95490417136415,goa,120,1.2
86,himanshu,46.0,jaipur,725,3.7
87,lokendra,45.0,delhi,311,4.5
88,ravi,42.0,delhi,900,4.9
89,abhi,58.0,jodhpur,252,4.5
90,mohan,42.0,mumbai,728,2.3
91,chetan,30.0,jodhpur,454,3.1
92,nikhil,46.0,delhi,639,4.8
93,sunil,46.0,delhi,565,3.3
94,abhi,65.0,delhi,190,2.8
95,sunil,41.0,mumbai,914,1.0
96,ravi,38.0,mumbai,152,3.1
97,gopal,70.0,jaipur,571,4.6
98,gopal,53.95490417136415,jaipur,556,2.8
99,gopal,39.0,jodhpur,904,3.8
100,nikhil,81.0,goa,738,4.6
101,deepu,57.0,goa,759,3.6
102,atul,57.0,delhi,169,2.9
103,sunny,80.0,jaipur,732,1.7
104,nikhil,64.0,mumbai,298,1.1
105,ravi,80.0,goa,196,2.0
106,yogesh,84.0,goa,753,4.3
107,sunil,76.0,jaipur,333,4.2
108,chetan,23.0,jaipur,756,3.6
109,mohan,38.0,mumbai,466,1.0
110,nikhil,71.0,delhi,469,3.9
111,chetan,53.95490417136415,delhi,937,1.8
112,abhi,61.0,jaipur,479,4.4
113,sunil,41.0,jaipur,147,1.6
114,abhishek,21.0,delhi,278,1.6
115,yogesh,58.0,mumbai,121,4.2
116,abhishek,53.95490417136415,delhi,887,1.6
117,ravi,54.0,goa,155,3.3
118,nikhil,67.0,jaipur,740,3.7
119,sunil,73.0,goa,369,4.4
120,abhi,73.0,mumbai,252,4.4
121,ravi,71.0,delhi,255,3.5
122,yogesh,23.0,jaipur,397,2.3
123,mohan,74.0,mumbai,860,3.7
124,himanshu,42.0,goa,994,4.6
125,lokendra,27.0,mumbai,880,4.3
126,abhishek,27.0,jaipur,653,3.0
127,abhi,34.0,mumbai,170,4.5
128,gopal,75.0,jaipur,858,4.6
129,surya,38.0,goa,514,4.3
130,lokendra,81.0,goa,173,2.8
131,gopal,53.95490417136415,mumbai,642,3.4
132,lokendra,45.0,jaipur,916,1.9
133,lokendra,20.0,mumbai,576,4.2
134,sunil,49.0,goa,387,1.0
135,chetan,79.0,mumbai,291,1.1
136,yogesh,52.0,jaipur,767,2.3
137,surya,30.0,jaipur,869,4.7
138,sunil,27.0,jaipur,654,1.5
139,mohan,79.0,goa,905,2.7
140,nikhil,52.0,jodhpur,745,1.8
141,himanshu,44.0,mumbai,154,4.6
142,gopal,20.0,mumbai,271,4.5
143,yogesh,43.0,goa,669,3.1
144,surya,67.0,delhi,977,4.3
145,yogesh,20.0,mumbai,131,3.1
146,gopal,41.0,jaipur,873,1.8
147,abhi,83.0,mumbai,639,2.2
148,lokendra,30.0,delhi,241,3.8
149,ravi,37.0,delhi,607,1.3
150,yogesh,83.0,jaipur,618,3.8
151,abhi,63.0,jaipur,376,2.3
152,nikhil,45.0,delhi,389,4.3
153,yogesh,39.0,mumbai,553,2.5
154,gopal,33.0,delhi,377,4.0
155,surya,53.95490417136415,delhi,113,1.1
156,nikhil,56.0,jaipur,651,3.8
157,himanshu,43.0,goa,423,4.6
158,gopal,53.0,delhi,186,4.3
159,atul,70.0,mumbai,784,3.3
160,nikhil,27.0,goa,807,3.6
161,sunil,84.0,jaipur,526,2.3
162,sunny,55.0,jaipur,152,1.8
163,sunny,27.0,jodhpur,260,3.2
164,deepu,64.0,jodhpur,573,4.1
165,mohan,22.0,goa,276,2.2
166,sunny,87.0,jaipur,579,2.0
167,himanshu,80.0,mumbai,128,3.8
168,lokendra,45.0,jaipur,934,2.7
169,sunny,53.95490417136415,delhi,918,1.9
170,ravi,54.0,goa,273,4.0
171,atul,53.95490417136415,goa,129,4.4
172,himanshu,64.0,delhi,538,3.9
173,sunil,61.0,mumbai,130,2.1
174,nikhil,23.0,mumbai,323,3.5
175,atul,72.0,jaipur,944,1.2
176,chetan,82.0,jaipur,223,2.8
177,deepu,62.0,goa,182,4.4
178,sunil,21.0,goa,938,1.7
179,nikhil,36.0,jaipur,950,4.5
180,yogesh,22.0,jaipur,625,4.8
181,abhishek,81.0,goa,532,3.5
182,sunny,50.0,goa,723,2.0
183,gopal,86.0,jaipur,270,1.5
184,mohan,70.0,goa,522,1.9
185,deepu,44.0,mumbai,679,2.4
186,abhishek,83.0,jaipur,892,4.4
187,atul,36.0,goa,942,3.7
188,mohan,46.0,goa,917,2.1
189,sunil,44.0,delhi,304,4.2
190,abhishek,68.0,delhi,267,3.5
191,gopal,37.0,goa,588,3.1
192,lokendra,72.0,jaipur,114,1.3
193,deepu,44.0,jaipur,210,2.5
194,deepu,82.0,jaipur,108,3.0
195,ravi,43.0,jaipur,409,1.2
196,himanshu,79.0,mumbai,868,2.3
197,lokendra,23.0,jaipur,582,2.2
198,chetan,81.0,goa,466,1.3
199,ravi,31.0,goa,180,3.1
200,sunil,27.0,jodhpur,545,4.4
201,gopal,36.0,delhi,253,3.8
202,yogesh,56.0,delhi,713,3.7
203,gopal,53.95490417136415,delhi,714,1.6
204,ravi,50.0,mumbai,410,1.8
205,chetan,40.0,delhi,201,1.6
206,mohan,36.0,jaipur,370,3.3
207,abhi,35.0,delhi,293,3.8
208,abhi,56.0,delhi,849,2.6
209,sunil,77.0,goa,808,2.5
210,mohan,40.0,jodhpur,210,2.9
211,mohan,43.0,jaipur,122,1.2
212,mohan,53.95490417136415,jaipur,464,4.2
213,abhi,61.0,goa,810,1.7
214,abhishek,79.0,mumbai,994,3.2
215,deepu,29.0,goa,112,4.2
216,deepu,31.0,delhi,287,1.4
217,lokendra,87.0,jaipur,774,3.2
218,nikhil,32.0,goa,302,3.5
219,sunny,62.0,mumbai,356,1.9
220,chetan,88.0,delhi,559,2.6
221,yogesh,19.0,goa,180,3.7
222,surya,38.0,mumbai,766,4.9
223,abhishek,75.0,mumbai,639,2.2
224,atul,72.0,goa,943,2.6
225,lokendra,49.0,jaipur,489,1.3
226,nikhil,34.0,jodhpur,734,1.5
227,ravi,81.0,goa,521,1.9
228,atul,43.0,mumbai,726,4.3
229,nikhil,72.0,jodhpur,776,1.0
230,sunil,22.0,jodhpur,682,2.8
231,mohan,50.0,goa,880,4.7
232,chetan,33.0,jodhpur,406,4.7
233,yogesh,53.95490417136415,goa,383,3.1
234,abhishek,88.0,jaipur,686,2.6
235,atul,56.0,mumbai,682,2.6
236,chetan,23.0,goa,769,4.4
237,himanshu,85.0,delhi,597,4.3
238,yogesh,53.0,delhi,625,1.4
239,atul,65.0,jaipur,609,2.4
240,abhishek,58.0,goa,855,1.6
241,sunil,53.95490417136415,jaipur,818,3.3
242,abhi,53.95490417136415,jaipur,797,4.8
243,lokendra,55.0,goa,243,1.8
244,surya,76.0,mumbai,294,4.9
245,abhi,67.0,delhi,197,3.5
246,sunil,42.0,goa,107,3.0
247,ravi,32.0,delhi,524,3.9
248,sunny,82.0,jodhpur,529,2.7
249,abhishek,86.0,jodhpur,397,4.0
250,sunil,63.0,jaipur,493,2.9
251,abhi,55.0,jodhpur,598,4.4
252,abhishek,53.0,goa,158,1.1
253,sunny,44.0,mumbai,828,3.1
254,lokendra,77.0,jaipur,399,3.4
255,sunny,47.0,mumbai,319,4.9
256,abhi,71.0,goa,740,2.4
257,sunny,71.0,mumbai,444,3.7
258,himanshu,53.95490417136415,delhi,613,3.6
259,abhishek,65.0,mumbai,677,3.7
260,surya,62.0,goa,293,3.6
261,sunil,54.0,mumbai,423,4.6
262,sunil,87.0,goa,691,1.8
263,himanshu,53.95490417136415,mumbai,268,2.8
264,sunny,44.0,goa,783,3.1
265,himanshu,28.0,jaipur,674,2.7
266,lokendra,24.0,jodhpur,857,2.7
267,sunny,58.0,goa,451,1.1
268,ravi,41.0,mumbai,611,2.1
269,yogesh,53.95490417136415,jodhpur,573,2.6
270,abhi,32.0,delhi,827,4.7
271,ravi,22.0,goa,397,2.2
272,himanshu,28.0,mumbai,250,3.5
273,chetan,53.95490417136415,jaipur,965,2.0
274,ravi,29.0,jaipur,283,1.2
275,ravi,53.95490417136415,delhi,274,3.7
276,deepu,79.0,delhi,902,3.1
277,himanshu,53.95490417136415,jaipur,571,3.9
278,gopal,36.0,jaipur,508,3.3
279,nikhil,42.0,goa,370,1.2
280,surya,18.0,jaipur,680,1.6
281,abhishek,39.0,delhi,828,2.7
282,deepu,18.0,goa,201,4.2
283,sunny,28.0,goa,686,1.3
284,nikhil,53.95490417136415,mumbai,594,3.5
285,mohan,58.0,mumbai,969,4.6
286,deepu,70.0,goa,847,4.9
287,deepu,84.0,jodhpur,196,1.4
288,chetan,82.0,goa,294,3.3
289,gopal,34.0,goa,913,4.3
290,sunny,33.0,delhi,654,1.9
291,nikhil,76.0,mumbai,721,1.1
292,chetan,36.0,jodhpur,367,3.6
293,ravi,27.0,jaipur,312,3.2
294,mohan,53.95490417136415,jaipur,693,2.0
295,himanshu,71.0,jaipur,788,3.6
296,nikhil,45.0,goa,431,2.3
297,chetan,46.0,delhi,582,4.2
298,lokendra,57.0,goa,789,3.8
299,surya,57.0,goa,831,3.6
300,atul,32.0,mumbai,886,2.7
301,deepu,46.0,jaipur,616,2.1
302,lokendra,46.0,jaipur,102,3.9
303,chetan,35.0,goa,606,1.9
304,sunil,41.0,mumbai,108,3.6
305,mohan,65.0,jaipur,713,1.8
306,gopal,48.0,mumbai,720,1.5
307,himanshu,35.0,jodhpur,945,2.7
308,abhishek,33.0,delhi,983,4.6
309,yogesh,53.95490417136415,jaipur,617,3.0
310,sunil,80.0,jaipur,885,4.7
311,abhi,86.0,mumbai,803,3.1
312,abhishek,37.0,mumbai,725,3.3
313,sunny,27.0,goa,664,4.5
314,chetan,54.0,mumbai,422,2.2
315,atul,57.0,mumbai,847,2.0
316,abhishek,53.0,jodhpur,129,4.8
317,sunny,69.0,delhi,718,1.6
318,himanshu,47.0,delhi,706,3.6
319,abhi,53.95490417136415,goa,947,4.6
320,abhishek,48.0,jodhpur,713,1.2
321,nikhil,21.0,mumbai,759,2.2
322,sunny,46.0,mumbai,154,3.1
323,atul,57.0,goa,955,2.8
324,himanshu,53.95490417136415,mumbai,782,1.2
325,chetan,23.0,goa,981,4.5
326,surya,37.0,goa,902,3.7
327,himanshu,52.0,goa,704,2.0
328,gopal,65.0,mumbai,301,4.5
329,sunil,64.0,mumbai,181,1.2
330,gopal,81.0,mumbai,209,2.2
331,deepu,88.0,delhi,537,1.2
332,ravi,84.0,mumbai,711,3.2
333,lokendra,86.0,jodhpur,219,2.4
334,himanshu,72.0,goa,731,4.7
335,sunil,36.0,jodhpur,426,3.0
336,gopal,45.0,mumbai,883,1.0
337,deepu,43.0,jaipur,914,1.5
338,deepu,53.95490417136415,mumbai,705,1.6
339,abhi,69.0,jaipur,661,3.4
340,deepu,81.0,goa,276,3.6
341,nikhil,24.0,goa,391,1.8
342,sunil,41.0,jaipur,274,3.2
343,yogesh,82.0,mumbai,143,2.7
344,gopal,48.0,goa,633,4.8
345,deepu,87.0,goa,156,1.4
346,chetan,53.95490417136415,mumbai,864,4.2
347,mohan,87.0,mumbai,770,1.3
348,atul,58.0,delhi,446,4.0
349,sunny,60.0,jaipur,455,3.9
350,mohan,25.0,delhi,689,2.4
351,abhishek,85.0,jodhpur,888,4.6
352,abhi,38.0,delhi,188,1.9
353,lokendra,63.0,goa,345,4.3
354,ravi,53.95490417136415,jaipur,423,2.9
355,abhishek,84.0,goa,635,1.1
356,abhishek,30.0,jaipur,694,4.8
357,deepu,24.0,jaipur,189,3.2
358,gopal,18.0,delhi,625,1.5
359,deepu,22.0,mumbai,251,4.3
360,abhi,66.0,jodhpur,670,2.5
361,atul,26.0,delhi,254,1.9
362,abhi,26.0,jodhpur,608,4.9
363,himanshu,87.0,goa,566,4.8
364,nikhil,77.0,jaipur,902,2.9
365,lokendra,83.0,delhi,478,1.7
366,surya,53.95490417136415,delhi,936,3.4
367,yogesh,53.95490417136415,jodhpur,548,3.1
368,surya,53.95490417136415,jaipur,941,3.3
369,surya,44.0,delhi,102,2.1
370,nikhil,19.0,mumbai,921,3.9
371,yogesh,75.0,jodhpur,123,2.8
372,atul,53.95490417136415,goa,922,1.1
373,sunny,40.0,delhi,869,4.0
374,abhi,84.0,mumbai,788,1.9
375,sunil,83.0,jodhpur,231,1.7
376,surya,88.0,delhi,233,1.7
377,sunil,83.0,delhi,200,4.0
378,abhi,76.0,mumbai,952,4.1
379,abhishek,72.0,jodhpur,139,1.2
380,lokendra,77.0,mumbai,145,2.6
381,nikhil,79.0,goa,793,4.1
382,sunil,33.0,goa,190,4.5
383,abhishek,85.0,mumbai,805,1.7
384,chetan,53.95490417136415,jaipur,308,3.5
385,mohan,19.0,delhi,199,1.3
386,atul,22.0,jaipur,224,4.2
387,sunny,82.0,goa,209,2.8
388,yogesh,37.0,jaipur,338,1.5
389,chetan,67.0,mumbai,747,4.2
390,sunil,31.0,goa,467,4.4
391,abhishek,80.0,delhi,441,4.4
392,surya,31.0,goa,668,1.4
393,sunny,53.95490417136415,jaipur,432,2.2
394,ravi,76.0,goa,284,2.9
395,deepu,24.0,goa,657,3.0
396,nikhil,53.95490417136415,mumbai,266,1.1
397,gopal,77.0,delhi,754,2.3
398,atul,67.0,mumbai,950,1.2
399,atul,88.0,mumbai,764,3.2
400,lokendra,73.0,jaipur,253,5.0
401,gopal,34.0,jaipur,854,4.4
402,sunil,30.0,mumbai,218,4.6
403,abhi,39.0,mumbai,191,4.5
404,yogesh,23.0,mumbai,380,4.1
405,mohan,34.0,mumbai,163,4.4
406,sunil,53.0,jaipur,185,4.3
407,abhi,82.0,delhi,772,3.2
408,lokendra,66.0,mumbai,604,3.2
409,nikhil,40.0,goa,964,1.1
410,nikhil,86.0,goa,222,2.1
411,surya,67.0,goa,666,3.9
412,deepu,19.0,delhi,247,3.3
413,lokendra,34.0,jodhpur,258,3.4
414,gopal,85.0,jaipur,892,3.3
415,abhi,54.0,mumbai,667,3.8
416,atul,53.95490417136415,delhi,923,1.9
417,atul,52.0,mumbai,831,2.9
418,deepu,32.0,jodhpur,848,1.4
419,abhi,43.0,jaipur,170,4.1
420,lokendra,89.0,jaipur,569,3.5
421,himanshu,53.95490417136415,mumbai,841,3.4
422,gopal,30.0,goa,957,3.4
423,abhishek,89.0,goa,418,2.1
424,nikhil,46.0,goa,810,1.0
425,yogesh,55.0,mumbai,183,1.7
426,abhishek,74.0,goa,300,3.3
427,sunny,70.0,goa,914,4.5
428,lokendra,59.0,mumbai,787,2.8
429,himanshu,84.0,jodhpur,564,3.9
430,atul,63.0,goa,206,2.9
431,abhi,65.0,goa,911,3.2
432,deepu,78.0,goa,634,2.8
433,mohan,61.0,goa,189,3.3
434,sunny,65.0,mumbai,308,1.2
435,himanshu,53.95490417136415,goa,730,3.1
436,gopal,42.0,delhi,308,3.2
437,deepu,80.0,goa,372,2.9
438,mohan,78.0,mumbai,530,1.2
439,abhi,33.0,delhi,855,4.5
440,abhishek,84.0,mumbai,844,3.5
441,sunny,69.0,goa,477,3.0
442,deepu,48.0,jaipur,778,2.2
443,gopal,83.0,mumbai,247,3.5
444,sunil,59.0,goa,347,2.2
445,yogesh,42.0,jodhpur,474,1.3
446,ravi,22.0,goa,941,2.6
447,yogesh,53.95490417136415,mumbai,240,4.7
448,chetan,60.0,jodhpur,328,2.6
449,abhishek,78.0,jodhpur,299,2.7
450,yogesh,53.0,mumbai,739,3.7
451,deepu,36.0,delhi,531,4.0
452,ravi,64.0,delhi,672,3.2
453,gopal,76.0,mumbai,596,4.3
454,nikhil,83.0,jaipur,196,4.0
455,mohan,75.0,jodhpur,176,3.2
456,yogesh,21.0,mumbai,446,3.9
457,deepu,82.0,jodhpur,785,1.6
458,gopal,25.0,jodhpur,946,3.0
459,abhi,68.0,goa,849,1.4
460,atul,51.0,delhi,977,1.9
461,atul,38.0,delhi,235,1.5
462,mohan,44.0,delhi,579,3.0
463,chetan,36.0,goa,635,2.6
464,lokendra,64.0,delhi,856,1.9
465,ravi,81.0,mumbai,737,3.2
466,nikhil,51.0,delhi,932,3.4
467,sunny,86.0,mumbai,214,4.6
468,sunil,33.0,jaipur,986,2.8
469,sunny,42.0,jaipur,916,4.2
470,yogesh,62.0,delhi,458,4.3
471,sunny,72.0,delhi,423,4.3
472,abhi,40.0,goa,827,4.3
473,deepu,54.0,mumbai,895,4.6
474,nikhil,75.0,goa,736,1.8
475,himanshu,44.0,mumbai,239,3.6
476,lokendra,49.0,jodhpur,995,1.6
477,chetan,18.0,jodhpur,627,4.5
478,sunny,18.0,jaipur,228,3.8
479,yogesh,42.0,jodhpur,340,1.4
480,surya,66.0,delhi,697,1.1
481,deepu,53.95490417136415,delhi,309,2.8
482,yogesh,49.0,delhi,520,2.6
483,abhishek,40.0,goa,978,3.8
484,gopal,39.0,jaipur,725,3.6
485,mohan,72.0,delhi,202,4.1
486,nikhil,68.0,jaipur,523,1.9
487,ravi,25.0,delhi,423,2.2
488,abhishek,53.95490417136415,jaipur,269,4.4
489,abhi,33.0,mumbai,701,1.6
490,lokendra,53.95490417136415,jaipur,213,1.4
491,ravi,41.0,goa,884,2.7
492,nikhil,71.0,mumbai,370,1.0
493,surya,58.0,delhi,312,2.7
494,gopal,86.0,mumbai,371,4.5
495,mohan,87.0,jaipur,177,3.1
496,mohan,53.95490417136415,jodhpur,119,4.5
497,atul,53.95490417136415,mumbai,164,3.2
498,gopal,53.95490417136415,jaipur,903,4.2
499,lokendra,53.95490417136415,jodhpur,126,1.8
500,yogesh,53.0,mumbai,879,4.2
501,atul,63.0,jaipur,403,2.7
502,atul,46.0,goa,675,1.4
503,gopal,53.95490417136415,jaipur,829,4.9
504,surya,71.0,goa,148,1.1
505,abhishek,25.0,delhi,553,2.3
506,chetan,53.95490417136415,mumbai,440,1.9
507,ravi,72.0,goa,542,4.4
508,sunil,56.0,jaipur,879,4.9
509,chetan,45.0,mumbai,171,3.3
510,atul,60.0,goa,771,4.8
511,sunny,83.0,goa,291,4.7
512,abhishek,53.95490417136415,goa,755,2.9
513,surya,64.0,delhi,269,4.4
514,surya,38.0,goa,239,3.3
515,nikhil,53.95490417136415,mumbai,510,3.8
516,chetan,73.0,mumbai,719,3.2
517,sunil,80.0,delhi,717,3.7
518,abhi,55.0,delhi,918,2.9
519,abhi,83.0,delhi,549,4.8
520,surya,24.0,jodhpur,484,2.0
521,chetan,21.0,jodhpur,899,1.2
522,gopal,83.0,jaipur,222,4.1
523,ravi,64.0,jodhpur,988,4.5
524,himanshu,65.0,jaipur,809,1.2
525,surya,48.0,goa,626,3.9
526,sunil,63.0,mumbai,434,2.8
527,mohan,66.0,goa,994,4.1
528,lokendra,23.0,jaipur,486,2.3
529,surya,19.0,mumbai,286,5.0
530,abhi,65.0,delhi,137,3.2
531,gopal,53.95490417136415,jaipur,338,3.3
532,ravi,18.0,jaipur,836,1.4
533,deepu,34.0,mumbai,294,2.9
534,atul,78.0,mumbai,807,4.7
535,mohan,53.95490417136415,jaipur,423,1.7
536,atul,53.95490417136415,mumbai,713,1.8
537,sunny,71.0,jodhpur,126,1.3
538,surya,67.0,mumbai,618,4.9
539,sunny,89.0,jaipur,486,2.4
540,lokendra,63.0,goa,838,1.3
541,chetan,27.0,jaipur,860,1.8
542,himanshu,55.0,delhi,577,4.5
543,abhishek,53.95490417136415,jaipur,116,4.3
544,atul,54.0,goa,705,4.5
545,sunny,22.0,delhi,643,1.3
546,gopal,88.0,delhi,572,3.2
547,himanshu,74.0,goa,237,2.4
548,sunny,63.0,delhi,709,3.3
549,nikhil,67.0,jaipur,850,3.4
550,deepu,89.0,jaipur,903,4.0
551,gopal,52.0,jodhpur,118,2.2
552,nikhil,37.0,goa,823,4.1
553,chetan,53.95490417136415,delhi,100,1.6
554,atul,65.0,jaipur,248,5.0
555,yogesh,81.0,delhi,515,1.4
556,surya,85.0,delhi,509,3.0
557,chetan,34.0,goa,269,1.3
558,yogesh,53.95490417136415,jaipur,583,4.3
559,sunny,53.95490417136415,delhi,977,2.1
560,chetan,48.0,goa,503,1.7
561,lokendra,53.95490417136415,goa,583,4.1
562,gopal,85.0,mumbai,412,4.6
563,abhi,39.0,mumbai,184,4.4
564,surya,21.0,delhi,475,1.7
565,himanshu,28.0,mumbai,791,2.2
566,lokendra,53.95490417136415,jaipur,821,2.7
567,abhishek,53.95490417136415,jaipur,915,3.6
568,abhi,66.0,mumbai,244,4.7
569,sunny,66.0,jaipur,457,3.6
570,surya,63.0,jaipur,821,1.3
571,ravi,73.0,jaipur,292,3.3
572,nikhil,29.0,jodhpur,339,1.2
573,yogesh,69.0,goa,422,1.1
574,mohan,53.95490417136415,jaipur,376,4.5
575,chetan,39.0,jaipur,845,2.9
576,mohan,85.0,jodhpur,147,4.1
577,yogesh,62.0,jaipur,764,3.3
578,abhi,61.0,jaipur,569,4.9
579,surya,81.0,goa,716,2.8
580,mohan,74.0,goa,871,3.9
581,abhishek,72.0,goa,244,1.5
582,surya,66.0,mumbai,351,1.1
583,sunil,79.0,jaipur,238,2.8
584,abhishek,53.0,goa,491,2.7
585,mohan,30.0,delhi,989,1.6
586,himanshu,36.0,delhi,570,1.7
587,abhishek,22.0,goa,468,4.6
588,abhishek,82.0,delhi,222,4.1
589,sunil,34.0,goa,285,2.4
590,himanshu,68.0,goa,801,2.2
591,atul,53.95490417136415,goa,892,3.5
592,sunil,75.0,jaipur,282,3.7
593,abhi,65.0,goa,792,1.0
594,deepu,35.0,jaipur,665,1.4
595,surya,47.0,delhi,947,3.3
596,yogesh,66.0,mumbai,918,3.5
597,lokendra,80.0,jodhpur,439,1.1
598,surya,53.95490417136415,goa,204,2.2
599,gopal,64.0,jaipur,998,1.5
600,chetan,82.0,delhi,498,2.0
601,sunny,19.0,goa,305,1.7
602,himanshu,38.0,jodhpur,908,3.9
603,gopal,70.0,delhi,391,4.9
604,yogesh,79.0,jaipur,556,1.7
605,abhishek,53.95490417136415,mumbai,432,2.4
606,gopal,73.0,delhi,942,2.9
607,ravi,20.0,jaipur,486,3.8
608,sunil,53.0,jodhpur,230,4.2
609,sunil,61.0,delhi,768,2.8
610,surya,54.0,jaipur,839,2.9
611,sunny,53.95490417136415,delhi,827,2.4
612,surya,23.0,mumbai,829,2.7
613,himanshu,35.0,jaipur,813,4.8
614,lokendra,86.0,jaipur,779,3.5
615,nikhil,21.0,delhi,556,2.5
616,mohan,41.0,jaipur,977,2.7
617,surya,65.0,jodhpur,827,2.4
618,sunny,53.95490417136415,delhi,314,2.3
619,surya,89.0,jaipur,707,2.2
620,gopal,79.0,goa,346,4.3
621,lokendra,53.95490417136415,jaipur,639,3.7
622,yogesh,56.0,delhi,240,4.8
623,sunny,39.0,jodhpur,557,4.4
624,deepu,80.0,delhi,843,2.9
625,yogesh,29.0,mumbai,613,1.5
626,nikhil,41.0,goa,571,1.2
627,sunil,51.0,goa,453,3.5
628,lokendra,47.0,goa,895,4.4
629,deepu,21.0,jodhpur,483,1.0
630,yogesh,40.0,jodhpur,610,2.2
631,atul,72.0,goa,949,3.8
632,himanshu,53.95490417136415,goa,732,3.5
633,chetan,53.95490417136415,jaipur,510,2.8
634,ravi,37.0,goa,199,2.0
635,sunny,78.0,mumbai,766,2.0
636,mohan,70.0,delhi,120,4.4
637,surya,49.0,jaipur,940,1.2
638,abhi,71.0,mumbai,464,4.9
639,lokendra,37.0,goa,452,3.1
640,chetan,29.0,mumbai,521,3.3
641,mohan,33.0,delhi,180,4.1
642,sunny,89.0,goa,928,5.0
643,himanshu,60.0,mumbai,454,1.6
644,gopal,23.0,delhi,300,3.3
645,abhi,85.0,jaipur,918,2.7
646,surya,54.0,delhi,330,1.3
647,sunny,53.95490417136415,delhi,712,3.5
648,deepu,56.0,delhi,937,3.8
649,atul,85.0,mumbai,919,4.6
650,sunny,67.0,jaipur,440,4.3
651,yogesh,44.0,goa,218,1.5
652,deepu,40.0,mumbai,753,2.0
653,chetan,80.0,delhi,134,1.8
654,himanshu,73.0,goa,237,2.3
655,abhishek,53.95490417136415,delhi,525,1.8
656,gopal,39.0,mumbai,868,1.2
657,mohan,84.0,delhi,610,3.1
658,deepu,26.0,delhi,930,1.9
659,gopal,27.0,delhi,434,1.6
660,yogesh,56.0,delhi,143,4.5
661,abhi,22.0,jaipur,948,1.3
662,atul,58.0,jodhpur,743,4.5
663,ravi,72.0,goa,185,3.9
664,abhishek,60.0,jodhpur,274,3.1
665,atul,58.0,jodhpur,947,1.4
666,surya,40.0,mumbai,835,3.0
667,nikhil,19.0,mumbai,463,5.0
668,ravi,68.0,delhi,866,3.7
669,surya,77.0,jaipur,769,2.8
670,mohan,76.0,delhi,652,1.5
671,yogesh,51.0,jaipur,570,4.9
672,nikhil,59.0,mumbai,230,4.9
673,mohan,29.0,delhi,645,2.7
674,mohan,53.95490417136415,jaipur,906,3.6
675,deepu,20.0,goa,812,1.4
676,mohan,80.0,goa,661,3.6
677,nikhil,47.0,goa,711,3.6
678,surya,18.0,mumbai,392,1.3
679,yogesh,80.0,jaipur,539,2.1
680,mohan,51.0,delhi,856,1.1
681,atul,47.0,jaipur,334,4.0
682,himanshu,53.95490417136415,goa,770,2.5
683,deepu,73.0,mumbai,331,3.1
684,surya,40.0,jodhpur,758,3.3
685,sunny,23.0,delhi,907,4.8
686,himanshu,59.0,delhi,424,2.7
687,surya,83.0,mumbai,346,2.1
688,abhishek,73.0,delhi,414,3.9
689,deepu,60.0,jodhpur,729,4.1
690,mohan,34.0,jodhpur,198,1.1
691,sunil,30.0,mumbai,142,4.1
692,surya,86.0,delhi,818,3.2
693,nikhil,18.0,delhi,961,3.2
694,mohan,84.0,mumbai,475,2.0
695,atul,67.0,mumbai,975,2.6
696,chetan,79.0,delhi,695,2.5
697,gopal,31.0,goa,936,1.9
698,abhishek,57.0,jodhpur,389,3.2
699,surya,59.0,goa,474,2.7
700,lokendra,25.0,delhi,297,2.9
701,atul,87.0,mumbai,305,2.7
702,sunny,29.0,mumbai,582,4.2
703,ravi,86.0,jaipur,749,2.1
704,yogesh,64.0,goa,744,3.6
705,sunil,34.0,jaipur,263,2.6
706,deepu,58.0,goa,325,1.5
707,abhishek,53.95490417136415,jaipur,145,4.7
708,lokendra,62.0,goa,425,1.3
709,sunil,35.0,jodhpur,963,2.6
710,sunny,76.0,delhi,911,2.2
711,deepu,53.95490417136415,jaipur,386,1.7
712,abhishek,72.0,jaipur,750,1.9
713,atul,53.95490417136415,goa,400,4.4
714,chetan,53.95490417136415,goa,527,1.1
715,nikhil,72.0,delhi,322,2.8
716,yogesh,70.0,delhi,746,3.3
717,deepu,74.0,mumbai,828,1.5
718,himanshu,63.0,goa,832,2.4
719,sunny,69.0,delhi,471,1.4
720,chetan,28.0,jodhpur,788,3.9
721,surya,23.0,delhi,855,2.3
722,yogesh,41.0,jaipur,401,2.4
723,nikhil,50.0,jaipur,425,2.2
724,yogesh,86.0,goa,769,2.0
725,atul,53.95490417136415,goa,196,2.8
726,abhishek,59.0,goa,669,1.7
727,sunil,25.0,jaipur,647,3.0
728,sunny,44.0,mumbai,164,2.8
729,yogesh,26.0,jaipur,391,3.3
730,deepu,60.0,goa,366,3.1
731,himanshu,49.0,delhi,117,4.1
732,nikhil,80.0,goa,883,3.1
733,ravi,29.0,goa,412,1.1
734,nikhil,69.0,delhi,248,1.4
735,lokendra,72.0,delhi,285,3.3
736,mohan,53.95490417136415,jaipur,402,1.5
737,nikhil,77.0,goa,825,1.8
738,mohan,86.0,delhi,759,4.7
739,atul,62.0,goa,502,3.9
740,sunil,38.0,jodhpur,206,4.4
741,surya,67.0,jodhpur,256,1.1
742,gopal,53.0,jaipur,702,3.6
743,mohan,20.0,mumbai,651,3.2
744,abhishek,76.0,jaipur,536,3.0
745,surya,53.95490417136415,jaipur,580,1.6
746,abhi,29.0,goa,495,4.6
747,himanshu,53.95490417136415,goa,221,1.7
748,deepu,71.0,jaipur,106,3.0
749,mohan,35.0,goa,914,3.1
750,chetan,42.0,mumbai,320,3.9
751,abhi,40.0,jaipur,713,4.3
752,deepu,86.0,delhi,913,4.5
753,surya,53.95490417136415,delhi,674,1.1
754,abhishek,50.0,goa,532,1.1
755,deepu,23.0,jaipur,421,1.7
756,abhi,69.0,goa,190,2.6
757,sunny,31.0,goa,323,1.9
758,himanshu,64.0,jaipur,413,4.9
759,abhi,56.0,mumbai,846,4.2
760,himanshu,56.0,goa,691,4.2
761,ravi,33.0,delhi,953,1.3
762,abhi,41.0,goa,895,2.5
763,lokendra,24.0,delhi,725,3.3
764,himanshu,23.0,delhi,714,3.7
765,abhishek,75.0,mumbai,509,2.3
766,chetan,67.0,goa,926,4.9
767,mohan,57.0,mumbai,988,1.2
768,chetan,75.0,jaipur,599,3.8
769,yogesh,34.0,goa,333,2.4
770,nikhil,42.0,jodhpur,557,3.7
771,chetan,29.0,goa,779,3.5
772,himanshu,53.95490417136415,goa,269,2.9
773,deepu,53.95490417136415,delhi,206,3.3
774,yogesh,33.0,jaipur,174,1.5
775,abhi,53.95490417136415,jodhpur,946,5.0
776,surya,57.0,delhi,256,3.3
777,lokendra,23.0,jodhpur,696,3.8
778,sunny,47.0,jodhpur,513,2.3
779,sunny,55.0,delhi,887,3.2
780,abhishek,63.0,mumbai,341,3.2
781,atul,34.0,jaipur,300,2.5
782,surya,82.0,jodhpur,166,1.6
783,gopal,31.0,goa,102,4.3
784,sunil,53.95490417136415,mumbai,775,1.3
785,yogesh,50.0,jaipur,177,4.6
786,himanshu,53.0,mumbai,620,1.9
787,abhishek,63.0,jaipur,631,4.1
788,mohan,36.0,mumbai,485,1.4
789,lokendra,45.0,mumbai,373,1.9
790,sunny,64.0,goa,364,2.4
791,himanshu,66.0,goa,448,2.3
792,himanshu,89.0,jaipur,467,4.0
793,himanshu,58.0,delhi,703,4.6
794,abhishek,84.0,delhi,237,3.9
795,surya,31.0,delhi,893,3.5
796,abhi,19.0,mumbai,779,3.1
797,nikhil,53.95490417136415,goa,303,3.3
798,sunny,44.0,goa,692,4.8
799,yogesh,49.0,delhi,197,3.6
800,mohan,87.0,goa,193,2.4
801,sunny,63.0,delhi,625,1.6
802,sunil,37.0,mumbai,619,3.4
803,chetan,34.0,delhi,256,3.7
804,atul,53.95490417136415,delhi,225,3.5
805,mohan,35.0,jodhpur,510,3.9
806,deepu,56.0,mumbai,127,2.0
807,chetan,68.0,mumbai,549,1.2
808,nikhil,73.0,jaipur,740,1.6
809,sunny,87.0,mumbai,420,5.0
810,ravi,35.0,mumbai,107,3.2
811,deepu,67.0,delhi,787,3.2
812,lokendra,42.0,jodhpur,281,3.5
813,ravi,68.0,goa,825,2.3
814,sunil,53.95490417136415,delhi,482,1.4
815,gopal,23.0,delhi,368,1.8
816,chetan,51.0,delhi,740,1.1
817,surya,39.0,delhi,200,4.0
818,mohan,48.0,jodhpur,805,2.8
819,sunny,26.0,jaipur,756,3.9
820,himanshu,88.0,mumbai,176,1.3
821,himanshu,20.0,delhi,492,4.9
822,atul,44.0,goa,316,3.8
823,chetan,67.0,goa,217,3.3
824,gopal,38.0,delhi,964,2.0
825,ravi,53.95490417136415,goa,799,4.2
826,abhishek,55.0,mumbai,672,4.0
827,abhi,80.0,jaipur,626,3.0
828,nikhil,60.0,jaipur,504,2.7
829,himanshu,42.0,jaipur,673,1.8
830,chetan,24.0,delhi,354,3.7
831,surya,33.0,goa,445,1.8
832,abhishek,37.0,jodhpur,842,1.6
833,lokendra,52.0,jaipur,330,4.3
834,sunny,45.0,delhi,819,3.9
835,abhi,53.95490417136415,jodhpur,841,1.9
836,himanshu,58.0,jodhpur,693,1.3
837,deepu,27.0,jaipur,708,2.1
838,gopal,80.0,mumbai,582,4.8
839,deepu,57.0,jaipur,252,4.6
840,abhishek,33.0,mumbai,749,2.9
841,sunil,61.0,jaipur,373,4.0
842,lokendra,57.0,goa,497,3.7
843,surya,31.0,jodhpur,459,3.7
844,sunil,81.0,goa,460,2.5
845,himanshu,53.0,jodhpur,442,1.3
846,atul,32.0,mumbai,805,3.8
847,lokendra,83.0,delhi,401,2.2
848,deepu,59.0,mumbai,131,1.6
849,chetan,83.0,jaipur,811,1.8
850,lokendra,53.95490417136415,delhi,638,1.2
851,atul,46.0,goa,664,4.0
852,lokendra,34.0,goa,201,3.3
853,sunny,19.0,mumbai,753,2.4
854,nikhil,62.0,delhi,222,3.9
855,sunil,58.0,jodhpur,866,1.1
856,gopal,19.0,goa,450,3.3
857,ravi,57.0,mumbai,938,2.7
858,yogesh,63.0,jaipur,162,4.6
859,sunny,53.95490417136415,mumbai,535,1.9
860,atul,32.0,goa,184,2.5
861,surya,38.0,mumbai,598,2.5
862,abhi,52.0,mumbai,795,3.8
863,himanshu,28.0,delhi,596,3.8
864,chetan,22.0,goa,412,2.5
865,nikhil,51.0,delhi,649,2.8
866,lokendra,74.0,delhi,530,2.7
867,chetan,53.95490417136415,goa,946,3.3
868,surya,89.0,jaipur,666,3.2
869,nikhil,22.0,delhi,841,2.0
870,abhi,67.0,jaipur,744,2.4
871,nikhil,58.0,goa,755,2.3
872,himanshu,46.0,jaipur,596,1.2
873,ravi,54.0,mumbai,368,1.4
874,yogesh,89.0,goa,741,4.6
875,sunil,43.0,jaipur,172,2.2
876,chetan,22.0,jaipur,693,4.4
877,deepu,85.0,goa,709,3.5
878,sunny,67.0,goa,959,4.7
879,deepu,58.0,jaipur,342,2.5
880,sunil,28.0,delhi,723,1.9
881,abhi,63.0,mumbai,901,2.0
882,lokendra,76.0,mumbai,380,2.3
883,gopal,36.0,delhi,622,3.1
884,himanshu,49.0,goa,295,1.8
885,lokendra,58.0,mumbai,405,4.0
886,ravi,19.0,goa,300,3.0
887,mohan,51.0,goa,256,2.3
888,deepu,51.0,jaipur,515,2.3
889,atul,77.0,jodhpur,826,3.4
890,atul,36.0,mumbai,593,1.8
891,nikhil,31.0,goa,750,1.3
892,chetan,47.0,delhi,779,3.7
893,deepu,63.0,jaipur,627,1.8
894,sunny,18.0,delhi,404,3.0
895,gopal,19.0,delhi,669,2.5
896,mohan,80.0,mumbai,105,3.5
897,abhi,67.0,jaipur,115,1.3
898,gopal,63.0,jaipur,687,2.8
899,sunny,51.0,jaipur,726,2.1
900,ravi,63.0,mumbai,667,4.7
901,sunil,59.0,delhi,330,3.4
902,nikhil,67.0,delhi,574,2.2
903,abhishek,46.0,jaipur,370,2.7
904,abhi,77.0,mumbai,914,4.5
905,surya,28.0,mumbai,960,4.5
906,abhishek,42.0,mumbai,751,1.3
907,chetan,82.0,mumbai,683,3.9
908,nikhil,29.0,mumbai,815,2.8
909,surya,86.0,jodhpur,485,3.6
910,yogesh,77.0,goa,276,4.4
911,sunil,41.0,jaipur,708,4.0
912,abhi,53.95490417136415,goa,305,4.8
913,sunil,40.0,delhi,928,1.6
914,gopal,44.0,goa,368,4.4
915,yogesh,33.0,delhi,773,3.7
916,sunil,47.0,jaipur,777,3.6
917,atul,38.0,delhi,444,1.0
918,sunny,68.0,goa,214,2.5
919,mohan,53.95490417136415,jaipur,448,1.8
920,atul,20.0,mumbai,224,2.8
921,chetan,68.0,delhi,634,2.7
922,sunny,22.0,jodhpur,693,4.9
923,ravi,69.0,delhi,865,3.9
924,atul,22.0,goa,300,4.6
925,atul,38.0,delhi,300,3.2
926,nikhil,77.0,goa,770,4.4
927,gopal,56.0,mumbai,131,3.5
928,yogesh,25.0,jodhpur,257,2.3
929,yogesh,25.0,goa,136,4.9
930,mohan,53.95490417136415,mumbai,224,4.1
931,gopal,84.0,delhi,606,4.7
932,sunny,36.0,mumbai,248,3.0
933,gopal,79.0,jaipur,808,1.7
934,nikhil,53.95490417136415,goa,686,3.6
935,abhishek,52.0,goa,493,4.5
936,surya,85.0,mumbai,607,3.7
937,gopal,81.0,delhi,265,2.7
938,deepu,69.0,mumbai,898,3.7
939,sunil,74.0,goa,254,3.5
940,yogesh,65.0,goa,993,4.7
941,himanshu,76.0,jodhpur,737,1.3
942,yogesh,71.0,jaipur,363,4.9
943,atul,86.0,jaipur,607,4.0
944,sunil,58.0,goa,782,3.6
945,gopal,77.0,mumbai,747,1.2
946,deepu,79.0,goa,623,3.9
947,abhishek,73.0,jaipur,555,4.7
948,deepu,67.0,mumbai,508,2.0
949,lokendra,28.0,delhi,913,1.0
950,ravi,39.0,delhi,437,3.8
951,surya,66.0,mumbai,275,2.2
952,abhishek,66.0,mumbai,390,1.2
953,deepu,53.95490417136415,goa,114,1.5
954,ravi,83.0,jaipur,499,3.1
955,ravi,48.0,mumbai,545,3.7
956,nikhil,66.0,jaipur,570,2.6
957,chetan,47.0,goa,562,3.2
958,surya,44.0,jaipur,366,1.0
959,sunny,60.0,delhi,178,1.2
960,nikhil,49.0,goa,933,4.9
961,yogesh,83.0,jodhpur,259,1.1
962,abhishek,39.0,goa,187,2.7
963,deepu,87.0,goa,112,1.2
964,surya,46.0,mumbai,485,5.0
965,sunil,68.0,delhi,674,4.4
966,atul,41.0,delhi,487,1.4
967,ravi,31.0,jaipur,827,1.5
968,abhishek,89.0,mumbai,734,4.8
969,lokendra,86.0,delhi,613,4.6
970,surya,54.0,delhi,214,2.2
971,chetan,52.0,delhi,443,1.4
972,abhi,29.0,jaipur,609,1.4
973,lokendra,56.0,goa,307,3.7
974,surya,50.0,jaipur,579,2.4
975,sunny,71.0,jaipur,434,3.0
976,nikhil,25.0,delhi,503,2.4
977,surya,35.0,delhi,751,3.8
978,surya,41.0,delhi,744,4.3
979,deepu,53.95490417136415,delhi,648,3.5
980,chetan,69.0,delhi,520,2.2
981,chetan,52.0,mumbai,385,2.4
982,ravi,28.0,delhi,887,1.2
983,yogesh,87.0,mumbai,468,2.0
984,deepu,38.0,delhi,962,2.2
985,surya,44.0,delhi,995,3.5
986,atul,23.0,mumbai,556,1.5
987,sunil,53.95490417136415,mumbai,904,2.5
988,abhishek,31.0,mumbai,281,3.8
989,ravi,86.0,jaipur,924,1.9
990,lokendra,68.0,mumbai,900,1.6
991,nikhil,26.0,jaipur,564,1.8
992,sunny,21.0,jaipur,558,4.6
993,nikhil,47.0,delhi,868,1.2
994,gopal,53.95490417136415,mumbai,629,4.0
995,yogesh,53.95490417136415,mumbai,339,4.3
996,chetan,33.0,delhi,482,4.6
997,yogesh,42.0,mumbai,309,2.1
998,surya,58.0,mumbai,974,4.3
999,yogesh,53.95490417136415,jodhpur,910,4.3
1000,sunil,29.0,mumbai,931,2.1
